time,open,high,low,close,tick_volume,spread,real_volume
2023-07-31 01:57:00,11024.095,11024.095,11023.408,11023.408,60,1100,0
2023-07-31 01:58:00,11023.394,11023.394,11022.66,11022.66,60,1100,0
2023-07-31 01:59:00,11022.653,11022.653,11022.015,11022.015,59,1100,0
2023-07-31 02:00:00,11022.009,11022.009,11021.34,11021.34,58,1100,0
2023-07-31 02:01:00,11021.337,11021.337,11020.711,11020.711,58,1100,0
2023-07-31 02:02:00,11020.688,11020.688,11020.064,11020.064,56,1100,0
2023-07-31 02:03:00,11020.057,11020.057,11019.436,11019.436,56,1100,0
2023-07-31 02:04:00,11019.435,11019.435,11018.664,11018.664,58,1100,0
2023-07-31 02:05:00,11018.652,11018.652,11018.013,11018.013,57,1100,0
2023-07-31 02:06:00,11017.998,11017.998,11017.303,11017.303,59,1100,0
2023-07-31 02:07:00,11017.282,11017.282,11016.661,11016.661,59,1100,0
2023-07-31 02:08:00,11016.645,11016.645,11015.978,11015.978,58,1100,0
2023-07-31 02:09:00,11015.965,11015.965,11015.272,11015.272,59,1100,0
2023-07-31 02:10:00,11015.271,11015.271,11014.619,11014.619,59,1100,0
2023-07-31 02:11:00,11014.61,11026.552,11014.457,11026.056,59,1100,0
2023-07-31 02:12:00,11026.049,11026.049,11025.359,11025.359,59,1100,0
2023-07-31 02:13:00,11025.346,11025.346,11024.713,11024.713,57,1100,0
2023-07-31 02:14:00,11024.683,11024.683,11024.052,11024.052,57,1100,0
2023-07-31 02:15:00,11024.037,11024.037,11023.43,11023.43,54,1100,0
2023-07-31 02:16:00,11023.42,11023.42,11022.739,11022.739,60,1100,0
2023-07-31 02:17:00,11022.736,11022.736,11022.032,11022.032,60,1100,0
2023-07-31 02:18:00,11022.023,11022.023,11021.354,11021.354,56,1100,0
2023-07-31 02:19:00,11021.354,11021.354,11020.671,11020.671,59,1100,0
2023-07-31 02:20:00,11020.67,11020.67,11019.947,11019.947,58,1100,0
2023-07-31 02:21:00,11019.933,11019.933,11019.352,11019.352,60,1100,0
2023-07-31 02:22:00,11019.34,11019.34,11018.628,11018.628,58,1100,0
2023-07-31 02:23:00,11018.616,11018.616,11017.994,11017.994,60,1100,0
2023-07-31 02:24:00,11017.988,11017.988,11017.402,11017.402,58,1100,0
2023-07-31 02:25:00,11017.398,11017.398,11016.76,11016.76,57,1100,0
2023-07-31 02:26:00,11016.755,11016.755,11016.103,11016.103,58,1100,0
2023-07-31 02:27:00,11016.084,11016.084,11015.411,11015.411,59,1100,0
2023-07-31 02:28:00,11015.41,11015.41,11014.676,11014.676,53,1100,0
2023-07-31 02:29:00,11014.661,11014.661,11014.06,11014.06,60,1100,0
2023-07-31 02:30:00,11014.058,11017.114,11013.455,11017.114,57,1100,0
2023-07-31 02:31:00,11017.11,11017.11,11016.466,11016.466,57,1100,0
2023-07-31 02:32:00,11016.465,11027.93,11016.355,11027.461,58,1100,0
2023-07-31 02:33:00,11027.458,11027.458,11026.88,11026.88,57,1100,0
2023-07-31 02:34:00,11026.871,11026.871,11026.3,11026.3,55,1100,0
2023-07-31 02:35:00,11026.29,11026.29,11025.68,11025.68,57,1100,0
2023-07-31 02:36:00,11025.66,11025.66,11024.918,11024.918,59,1100,0
2023-07-31 02:37:00,11024.905,11024.905,11024.269,11024.269,59,1100,0
2023-07-31 02:38:00,11024.25,11024.25,11023.569,11023.569,59,1100,0
2023-07-31 02:39:00,11023.561,11023.561,11022.885,11022.885,59,1100,0
2023-07-31 02:40:00,11022.867,11022.867,11022.316,11022.316,58,1100,0
2023-07-31 02:41:00,11022.313,11029.194,11022.176,11028.638,59,1100,0
2023-07-31 02:42:00,11028.634,11028.634,11027.93,11027.93,60,1100,0
2023-07-31 02:43:00,11027.911,11027.911,11027.258,11027.258,59,1100,0
2023-07-31 02:44:00,11027.24,11027.24,11026.547,11026.547,59,1100,0
2023-07-31 02:45:00,11026.536,11026.536,11025.932,11025.932,59,1100,0
2023-07-31 02:46:00,11025.916,11025.916,11025.269,11025.269,59,1100,0
2023-07-31 02:47:00,11025.257,11025.257,11024.629,11024.629,53,1100,0
2023-07-31 02:48:00,11024.614,11024.614,11023.937,11023.937,59,1100,0
2023-07-31 02:49:00,11023.929,11023.929,11023.396,11023.396,57,1100,0
2023-07-31 02:50:00,11023.378,11023.378,11022.658,11022.658,59,1100,0
2023-07-31 02:51:00,11022.654,11032.864,11022.418,11032.632,57,1100,0
2023-07-31 02:52:00,11032.626,11032.626,11031.999,11031.999,60,1100,0
2023-07-31 02:53:00,11031.994,11031.994,11031.417,11031.417,57,1100,0
2023-07-31 02:54:00,11031.399,11031.399,11030.761,11030.761,59,1100,0
2023-07-31 02:55:00,11030.745,11030.745,11030.087,11030.087,60,1100,0
2023-07-31 02:56:00,11030.055,11036.142,11029.978,11035.58,58,1100,0
2023-07-31 02:57:00,11035.561,11035.561,11034.825,11034.825,58,1100,0
2023-07-31 02:58:00,11034.804,11034.804,11034.184,11034.184,59,1100,0
2023-07-31 02:59:00,11034.184,11034.184,11033.483,11033.483,58,1100,0
2023-07-31 03:00:00,11033.48,11033.48,11032.84,11032.84,59,1100,0
2023-07-31 03:01:00,11032.832,11037.874,11032.332,11037.708,60,1100,0
2023-07-31 03:02:00,11037.695,11037.695,11037.023,11037.023,60,1100,0
2023-07-31 03:03:00,11037.011,11037.011,11036.257,11036.257,59,1100,0
2023-07-31 03:04:00,11036.243,11036.243,11035.684,11035.684,57,1100,0
2023-07-31 03:05:00,11035.672,11035.672,11035.025,11035.025,58,1100,0
2023-07-31 03:06:00,11035.024,11035.024,11034.319,11034.319,59,1100,0
2023-07-31 03:07:00,11034.316,11034.316,11033.663,11033.663,56,1100,0
2023-07-31 03:08:00,11033.657,11033.657,11033.032,11033.032,57,1100,0
2023-07-31 03:09:00,11033.029,11033.029,11032.419,11032.419,57,1100,0
2023-07-31 03:10:00,11032.405,11032.405,11031.719,11031.719,58,1100,0
2023-07-31 03:11:00,11031.705,11031.705,11030.976,11030.976,60,1100,0
2023-07-31 03:12:00,11030.97,11030.97,11030.339,11030.339,59,1100,0
2023-07-31 03:13:00,11030.318,11030.318,11029.74,11029.74,57,1100,0
2023-07-31 03:14:00,11029.731,11029.731,11029.01,11029.01,57,1100,0
2023-07-31 03:15:00,11029.005,11029.005,11028.371,11028.371,60,1100,0
2023-07-31 03:16:00,11028.361,11028.361,11027.715,11027.715,57,1100,0
2023-07-31 03:17:00,11027.696,11027.696,11027.051,11027.051,57,1100,0
2023-07-31 03:18:00,11027.046,11027.046,11026.383,11026.383,59,1100,0
2023-07-31 03:19:00,11026.382,11026.382,11025.781,11025.781,59,1100,0
2023-07-31 03:20:00,11025.77,11025.77,11025.16,11025.16,59,1100,0
2023-07-31 03:21:00,11025.16,11025.16,11024.511,11024.511,60,1100,0
2023-07-31 03:22:00,11024.5,11024.5,11023.8,11023.8,58,1100,0
2023-07-31 03:23:00,11023.785,11023.785,11023.08,11023.08,59,1100,0
2023-07-31 03:24:00,11023.073,11023.073,11022.449,11022.449,58,1100,0
2023-07-31 03:25:00,11022.445,11022.445,11021.715,11021.715,60,1100,0
2023-07-31 03:26:00,11021.714,11021.714,11020.993,11020.993,59,1100,0
2023-07-31 03:27:00,11020.985,11020.985,11020.399,11020.399,60,1100,0
2023-07-31 03:28:00,11020.398,11020.398,11019.767,11019.767,58,1100,0
2023-07-31 03:29:00,11019.748,11019.748,11019.066,11019.066,57,1100,0
2023-07-31 03:30:00,11019.06,11019.06,11018.429,11018.429,59,1100,0
2023-07-31 03:31:00,11018.416,11018.416,11017.776,11017.776,60,1100,0
2023-07-31 03:32:00,11017.771,11017.771,11017.078,11017.078,59,1100,0
2023-07-31 03:33:00,11017.078,11017.078,11016.341,11016.341,60,1100,0
2023-07-31 03:34:00,11016.32,11016.32,11015.603,11015.603,58,1100,0
2023-07-31 03:35:00,11015.576,11015.576,11014.774,11014.774,58,1100,0
2023-07-31 03:36:00,11014.77,11014.77,11014.092,11014.092,54,1100,0
2023-07-31 03:37:00,11014.09,11014.09,11013.429,11013.429,59,1100,0
2023-07-31 03:38:00,11013.414,11013.414,11012.66,11012.66,58,1100,0
2023-07-31 03:39:00,11012.622,11012.622,11012.001,11012.001,59,1100,0
2023-07-31 03:40:00,11011.996,11011.996,11011.341,11011.341,56,1100,0
2023-07-31 03:41:00,11011.322,11011.322,11010.667,11010.667,60,1100,0
2023-07-31 03:42:00,11010.641,11010.641,11010.015,11010.015,59,1100,0
2023-07-31 03:43:00,11010.006,11010.006,11009.424,11009.424,60,1100,0
2023-07-31 03:44:00,11009.405,11009.405,11008.805,11008.805,59,1100,0
2023-07-31 03:45:00,11008.772,11008.772,11008.132,11008.132,59,1100,0
2023-07-31 03:46:00,11008.113,11008.113,11007.31,11007.31,60,1100,0
2023-07-31 03:47:00,11007.304,11007.304,11006.672,11006.672,57,1100,0
2023-07-31 03:48:00,11006.671,11021.233,11006.625,11020.671,59,1100,0
2023-07-31 03:49:00,11020.66,11020.66,11020.012,11020.012,58,1100,0
2023-07-31 03:50:00,11020.005,11020.005,11019.246,11019.246,60,1100,0
2023-07-31 03:51:00,11019.232,11019.232,11018.541,11018.541,59,1100,0
2023-07-31 03:52:00,11018.54,11018.54,11017.85,11017.85,60,1100,0
2023-07-31 03:53:00,11017.836,11017.836,11017.145,11017.145,58,1100,0
2023-07-31 03:54:00,11017.141,11017.141,11016.523,11016.523,58,1100,0
2023-07-31 03:55:00,11016.518,11016.518,11015.835,11015.835,59,1100,0
2023-07-31 03:56:00,11015.819,11015.819,11015.229,11015.229,57,1100,0
2023-07-31 03:57:00,11015.22,11015.22,11014.66,11014.66,57,1100,0
2023-07-31 03:58:00,11014.645,11014.645,11014.057,11014.057,58,1100,0
2023-07-31 03:59:00,11014.044,11014.044,11013.378,11013.378,57,1100,0
2023-07-31 04:00:00,11013.36,11013.36,11012.794,11012.794,59,1100,0
2023-07-31 04:01:00,11012.781,11029.147,11012.262,11029.042,59,1100,0
2023-07-31 04:02:00,11029.031,11029.031,11028.39,11028.39,59,1100,0
2023-07-31 04:03:00,11028.382,11028.382,11027.706,11027.706,60,1100,0
2023-07-31 04:04:00,11027.705,11027.705,11027.073,11027.073,60,1100,0
2023-07-31 04:05:00,11027.064,11027.064,11026.493,11026.493,60,1100,0
2023-07-31 04:06:00,11026.46,11026.46,11025.795,11025.795,59,1100,0
2023-07-31 04:07:00,11025.783,11025.783,11025.195,11025.195,58,1100,0
2023-07-31 04:08:00,11025.171,11025.171,11024.536,11024.536,57,1100,0
2023-07-31 04:09:00,11024.529,11024.529,11023.915,11023.915,60,1100,0
2023-07-31 04:10:00,11023.909,11023.909,11023.248,11023.248,59,1100,0
2023-07-31 04:11:00,11023.223,11023.223,11022.666,11022.666,59,1100,0
2023-07-31 04:12:00,11022.659,11022.659,11022.123,11022.123,57,1100,0
2023-07-31 04:13:00,11022.114,11022.114,11021.574,11021.574,56,1100,0
2023-07-31 04:14:00,11021.565,11021.565,11020.926,11020.926,59,1100,0
2023-07-31 04:15:00,11020.919,11020.919,11020.3,11020.3,57,1100,0
2023-07-31 04:16:00,11020.281,11020.281,11019.65,11019.65,60,1100,0
2023-07-31 04:17:00,11019.647,11019.647,11019.007,11019.007,57,1100,0
2023-07-31 04:18:00,11018.994,11018.994,11018.359,11018.359,59,1100,0
2023-07-31 04:19:00,11018.343,11018.343,11017.808,11017.808,58,1100,0
2023-07-31 04:20:00,11017.796,11017.796,11017.185,11017.185,55,1100,0
2023-07-31 04:21:00,11017.172,11017.172,11016.588,11016.588,59,1100,0
2023-07-31 04:22:00,11016.571,11016.571,11016.047,11016.047,58,1100,0
2023-07-31 04:23:00,11016.025,11016.025,11015.428,11015.428,58,1100,0
2023-07-31 04:24:00,11015.411,11015.411,11014.745,11014.745,58,1100,0
2023-07-31 04:25:00,11014.731,11022.864,11014.214,11022.771,60,1100,0
2023-07-31 04:26:00,11022.75,11022.75,11021.98,11021.98,60,1100,0
2023-07-31 04:27:00,11021.975,11021.975,11021.414,11021.414,59,1100,0
2023-07-31 04:28:00,11021.411,11021.411,11020.827,11020.827,60,1100,0
2023-07-31 04:29:00,11020.814,11020.814,11020.176,11020.176,58,1100,0
2023-07-31 04:30:00,11020.169,11020.169,11019.484,11019.484,58,1100,0
2023-07-31 04:31:00,11019.462,11019.462,11018.666,11018.666,60,1100,0
2023-07-31 04:32:00,11018.662,11018.662,11017.913,11017.913,60,1100,0
2023-07-31 04:33:00,11017.889,11017.889,11017.327,11017.327,58,1100,0
2023-07-31 04:34:00,11017.308,11017.308,11016.665,11016.665,58,1100,0
2023-07-31 04:35:00,11016.642,11016.642,11016.05,11016.05,60,1100,0
2023-07-31 04:36:00,11016.036,11016.036,11015.351,11015.351,60,1100,0
2023-07-31 04:37:00,11015.341,11015.341,11014.729,11014.729,58,1100,0
2023-07-31 04:38:00,11014.715,11014.715,11014.083,11014.083,57,1100,0
2023-07-31 04:39:00,11014.068,11014.068,11013.433,11013.433,60,1100,0
2023-07-31 04:40:00,11013.425,11013.425,11012.743,11012.743,56,1100,0
2023-07-31 04:41:00,11012.742,11012.742,11012.114,11012.114,58,1100,0
2023-07-31 04:42:00,11012.111,11012.111,11011.497,11011.497,58,1100,0
2023-07-31 04:43:00,11011.493,11011.493,11010.863,11010.863,59,1100,0
2023-07-31 04:44:00,11010.855,11010.855,11010.139,11010.139,58,1100,0
2023-07-31 04:45:00,11010.137,11010.137,11009.582,11009.582,58,1100,0
2023-07-31 04:46:00,11009.578,11009.578,11008.976,11008.976,59,1100,0
2023-07-31 04:47:00,11008.96,11008.96,11008.381,11008.381,58,1100,0
2023-07-31 04:48:00,11008.376,11008.376,11007.71,11007.71,57,1100,0
2023-07-31 04:49:00,11007.689,11007.689,11007.02,11007.02,59,1100,0
2023-07-31 04:50:00,11006.99,11006.99,11006.426,11006.426,57,1100,0
2023-07-31 04:51:00,11006.415,11006.415,11005.687,11005.687,59,1100,0
2023-07-31 04:52:00,11005.679,11005.679,11004.927,11004.927,60,1100,0
2023-07-31 04:53:00,11004.926,11004.926,11004.317,11004.317,59,1100,0
2023-07-31 04:54:00,11004.315,11004.315,11003.672,11003.672,59,1100,0
2023-07-31 04:55:00,11003.662,11003.662,11002.95,11002.95,60,1100,0
2023-07-31 04:56:00,11002.941,11002.941,11002.272,11002.272,59,1100,0
2023-07-31 04:57:00,11002.261,11002.261,11001.593,11001.593,60,1100,0
2023-07-31 04:58:00,11001.586,11001.586,11000.804,11000.804,60,1100,0
2023-07-31 04:59:00,11000.791,11000.791,11000.181,11000.181,59,1100,0
2023-07-31 05:00:00,11000.158,11000.158,10999.625,10999.625,56,1100,0
2023-07-31 05:01:00,10999.618,10999.618,10998.851,10998.851,60,1100,0
2023-07-31 05:02:00,10998.84,10998.84,10998.223,10998.223,60,1090,0
2023-07-31 05:03:00,10998.206,10998.206,10997.498,10997.498,58,1090,0
2023-07-31 05:04:00,10997.489,10997.489,10996.801,10996.801,56,1090,0
2023-07-31 05:05:00,10996.784,10996.784,10996.148,10996.148,58,1090,0
2023-07-31 05:06:00,10996.144,10996.144,10995.517,10995.517,58,1090,0
2023-07-31 05:07:00,10995.505,10995.505,10994.814,10994.814,57,1090,0
2023-07-31 05:08:00,10994.809,10994.809,10994.2,10994.2,59,1090,0
2023-07-31 05:09:00,10994.177,10994.177,10993.499,10993.499,56,1090,0
2023-07-31 05:10:00,10993.479,10993.479,10992.835,10992.835,56,1090,0
2023-07-31 05:11:00,10992.82,10992.82,10992.164,10992.164,58,1090,0
2023-07-31 05:12:00,10992.159,10992.159,10991.409,10991.409,59,1090,0
2023-07-31 05:13:00,10991.404,10991.404,10990.744,10990.744,58,1090,0
2023-07-31 05:14:00,10990.734,10990.734,10990.055,10990.055,59,1090,0
2023-07-31 05:15:00,10990.048,10990.048,10989.262,10989.262,58,1090,0
2023-07-31 05:16:00,10989.244,10989.244,10988.567,10988.567,58,1090,0
2023-07-31 05:17:00,10988.558,10988.558,10987.927,10987.927,60,1090,0
2023-07-31 05:18:00,10987.913,10987.913,10987.253,10987.253,60,1090,0
2023-07-31 05:19:00,10987.239,10987.239,10986.63,10986.63,59,1090,0
2023-07-31 05:20:00,10986.627,10986.627,10985.975,10985.975,60,1090,0
2023-07-31 05:21:00,10985.968,10985.968,10985.386,10985.386,57,1090,0
2023-07-31 05:22:00,10985.37,10985.37,10984.794,10984.794,56,1090,0
2023-07-31 05:23:00,10984.79,10984.79,10984.114,10984.114,57,1090,0
2023-07-31 05:24:00,10984.088,10984.088,10983.508,10983.508,57,1090,0
2023-07-31 05:25:00,10983.503,10983.503,10982.882,10982.882,59,1090,0
2023-07-31 05:26:00,10982.875,10982.875,10982.215,10982.215,56,1090,0
2023-07-31 05:27:00,10982.204,10982.204,10981.573,10981.573,59,1090,0
2023-07-31 05:28:00,10981.571,10981.571,10981.014,10981.014,60,1090,0
2023-07-31 05:29:00,10981.012,10981.012,10980.394,10980.394,58,1090,0
2023-07-31 05:30:00,10980.381,10980.381,10979.837,10979.837,60,1090,0
2023-07-31 05:31:00,10979.833,10988.283,10979.242,10988.261,59,1090,0
2023-07-31 05:32:00,10988.236,10988.236,10987.666,10987.666,58,1090,0
2023-07-31 05:33:00,10987.655,10987.655,10987.051,10987.051,60,1090,0
2023-07-31 05:34:00,10987.048,10993.446,10986.525,10993.294,59,1090,0
2023-07-31 05:35:00,10993.281,10993.281,10992.699,10992.699,59,1090,0
2023-07-31 05:36:00,10992.693,10992.693,10992.091,10992.091,56,1090,0
2023-07-31 05:37:00,10992.072,10992.072,10991.433,10991.433,60,1090,0
2023-07-31 05:38:00,10991.431,10991.431,10990.738,10990.738,58,1090,0
2023-07-31 05:39:00,10990.726,10990.726,10990.039,10990.039,60,1090,0
2023-07-31 05:40:00,10990.037,10990.037,10989.465,10989.465,59,1090,0
2023-07-31 05:41:00,10989.455,11004.174,10989.227,11003.83,57,1090,0
2023-07-31 05:42:00,11003.827,11003.827,11003.194,11003.194,58,1100,0
2023-07-31 05:43:00,11003.191,11003.191,11002.458,11002.458,58,1100,0
2023-07-31 05:44:00,11002.446,11002.446,11001.72,11001.72,59,1100,0
2023-07-31 05:45:00,11001.709,11001.709,11001.036,11001.036,60,1100,0
2023-07-31 05:46:00,11001.016,11001.016,11000.386,11000.386,59,1100,0
2023-07-31 05:47:00,11000.377,11000.377,10999.745,10999.745,60,1100,0
2023-07-31 05:48:00,10999.732,10999.732,10999.119,10999.119,57,1100,0
2023-07-31 05:49:00,10999.115,10999.115,10998.491,10998.491,58,1090,0
2023-07-31 05:50:00,10998.474,10998.474,10997.831,10997.831,59,1090,0
2023-07-31 05:51:00,10997.817,10997.817,10997.125,10997.125,60,1090,0
2023-07-31 05:52:00,10997.095,10997.095,10996.461,10996.461,58,1090,0
2023-07-31 05:53:00,10996.443,10996.443,10995.893,10995.893,59,1090,0
2023-07-31 05:54:00,10995.885,10995.885,10995.312,10995.312,57,1090,0
2023-07-31 05:55:00,10995.302,10995.302,10994.694,10994.694,57,1090,0
2023-07-31 05:56:00,10994.675,10994.675,10994.01,10994.01,59,1090,0
2023-07-31 05:57:00,10993.992,10993.992,10993.154,10993.154,60,1090,0
2023-07-31 05:58:00,10993.148,10993.148,10992.536,10992.536,58,1090,0
2023-07-31 05:59:00,10992.521,10992.521,10991.894,10991.894,60,1090,0
2023-07-31 06:00:00,10991.875,10991.875,10991.218,10991.218,59,1090,0
2023-07-31 06:01:00,10991.207,10991.207,10990.612,10990.612,56,1090,0
2023-07-31 06:02:00,10990.599,10990.599,10989.918,10989.918,58,1090,0
2023-07-31 06:03:00,10989.909,10989.909,10989.158,10989.158,57,1090,0
2023-07-31 06:04:00,10989.143,10989.143,10988.401,10988.401,59,1090,0
2023-07-31 06:05:00,10988.396,10989.045,10988.057,10988.806,59,1090,0
2023-07-31 06:06:00,10988.804,10988.804,10988.103,10988.103,60,1090,0
2023-07-31 06:07:00,10988.089,10988.089,10987.41,10987.41,58,1090,0
2023-07-31 06:08:00,10987.404,10987.404,10986.752,10986.752,57,1090,0
2023-07-31 06:09:00,10986.742,10986.742,10986.138,10986.138,58,1090,0
2023-07-31 06:10:00,10986.121,10986.121,10985.454,10985.454,57,1090,0
2023-07-31 06:11:00,10985.452,10985.452,10984.857,10984.857,57,1090,0
2023-07-31 06:12:00,10984.841,10984.841,10984.188,10984.188,58,1090,0
2023-07-31 06:13:00,10984.179,10984.179,10983.592,10983.592,59,1090,0
2023-07-31 06:14:00,10983.575,10983.575,10982.827,10982.827,58,1090,0
2023-07-31 06:15:00,10982.813,10982.813,10982.039,10982.039,59,1090,0
2023-07-31 06:16:00,10982.022,10982.022,10981.448,10981.448,57,1090,0
2023-07-31 06:17:00,10981.437,10981.437,10980.789,10980.789,60,1090,0
2023-07-31 06:18:00,10980.76,10980.76,10980.112,10980.112,58,1090,0
2023-07-31 06:19:00,10980.099,10980.099,10979.45,10979.45,59,1090,0
2023-07-31 06:20:00,10979.439,10979.439,10978.78,10978.78,60,1090,0
2023-07-31 06:21:00,10978.769,10978.769,10978.124,10978.124,59,1090,0
2023-07-31 06:22:00,10978.106,10978.106,10977.497,10977.497,60,1090,0
2023-07-31 06:23:00,10977.468,10977.468,10976.806,10976.806,60,1090,0
2023-07-31 06:24:00,10976.793,10976.793,10976.189,10976.189,59,1090,0
2023-07-31 06:25:00,10976.173,10976.173,10975.574,10975.574,54,1090,0
2023-07-31 06:26:00,10975.554,10975.554,10974.889,10974.889,60,1090,0
2023-07-31 06:27:00,10974.88,10974.88,10974.218,10974.218,59,1090,0
2023-07-31 06:28:00,10974.209,10974.209,10973.543,10973.543,59,1090,0
2023-07-31 06:29:00,10973.534,10973.534,10972.931,10972.931,58,1090,0
2023-07-31 06:30:00,10972.93,10972.93,10972.22,10972.22,58,1090,0
2023-07-31 06:31:00,10972.201,10972.201,10971.486,10971.486,60,1090,0
2023-07-31 06:32:00,10971.469,10971.469,10970.872,10970.872,59,1090,0
2023-07-31 06:33:00,10970.861,10970.861,10970.23,10970.23,54,1090,0
2023-07-31 06:34:00,10970.224,10970.224,10969.627,10969.627,58,1090,0
2023-07-31 06:35:00,10969.62,10969.62,10968.929,10968.929,58,1090,0
2023-07-31 06:36:00,10968.918,10968.918,10968.304,10968.304,56,1090,0
2023-07-31 06:37:00,10968.296,10968.296,10967.618,10967.618,60,1090,0
2023-07-31 06:38:00,10967.603,10967.603,10967.031,10967.031,58,1090,0
2023-07-31 06:39:00,10967.021,10967.021,10966.356,10966.356,59,1090,0
2023-07-31 06:40:00,10966.342,10966.342,10965.616,10965.616,60,1090,0
2023-07-31 06:41:00,10965.615,10965.615,10964.945,10964.945,58,1090,0
2023-07-31 06:42:00,10964.933,10964.933,10964.169,10964.169,60,1090,0
2023-07-31 06:43:00,10964.141,10964.141,10963.575,10963.575,59,1090,0
2023-07-31 06:44:00,10963.565,10963.565,10962.893,10962.893,60,1090,0
2023-07-31 06:45:00,10962.88,10962.88,10962.187,10962.187,58,1090,0
2023-07-31 06:46:00,10962.184,10962.184,10961.541,10961.541,59,1090,0
2023-07-31 06:47:00,10961.53,10961.53,10960.74,10960.74,57,1090,0
2023-07-31 06:48:00,10960.735,10960.735,10960.035,10960.035,60,1090,0
2023-07-31 06:49:00,10960.013,10960.013,10959.295,10959.295,60,1090,0
2023-07-31 06:50:00,10959.281,10959.281,10958.527,10958.527,59,1090,0
2023-07-31 06:51:00,10958.521,10958.521,10957.88,10957.88,60,1090,0
2023-07-31 06:52:00,10957.876,10957.876,10957.286,10957.286,58,1090,0
2023-07-31 06:53:00,10957.281,10957.281,10956.6,10956.6,58,1090,0
2023-07-31 06:54:00,10956.591,10956.591,10955.956,10955.956,58,1090,0
2023-07-31 06:55:00,10955.947,10955.947,10955.242,10955.242,60,1090,0
2023-07-31 06:56:00,10955.236,10955.236,10954.615,10954.615,58,1090,0
2023-07-31 06:57:00,10954.607,10954.607,10953.92,10953.92,59,1090,0
2023-07-31 06:58:00,10953.914,10953.914,10953.317,10953.317,57,1090,0
2023-07-31 06:59:00,10953.306,10953.306,10952.639,10952.639,58,1090,0
2023-07-31 07:00:00,10952.62,10952.62,10952.022,10952.022,59,1090,0
2023-07-31 07:01:00,10952.006,10952.006,10951.296,10951.296,60,1090,0
2023-07-31 07:02:00,10951.29,10951.29,10950.563,10950.563,59,1090,0
2023-07-31 07:03:00,10950.54,10950.54,10949.994,10949.994,58,1090,0
2023-07-31 07:04:00,10949.976,10949.976,10949.206,10949.206,59,1090,0
2023-07-31 07:05:00,10949.183,10949.183,10948.493,10948.493,59,1090,0
2023-07-31 07:06:00,10948.476,10953.596,10948.257,10953.116,59,1090,0
2023-07-31 07:07:00,10953.099,10953.099,10952.397,10952.397,58,1090,0
2023-07-31 07:08:00,10952.396,10952.396,10951.813,10951.813,60,1090,0
2023-07-31 07:09:00,10951.805,10951.805,10951.017,10951.017,59,1090,0
2023-07-31 07:10:00,10951.013,10951.013,10950.451,10950.451,57,1090,0
2023-07-31 07:11:00,10950.431,10950.431,10949.867,10949.867,56,1090,0
2023-07-31 07:12:00,10949.862,10949.862,10949.289,10949.289,57,1090,0
2023-07-31 07:13:00,10949.275,10949.275,10948.643,10948.643,60,1090,0
2023-07-31 07:14:00,10948.639,10948.639,10947.918,10947.918,59,1090,0
2023-07-31 07:15:00,10947.913,10947.913,10947.254,10947.254,56,1090,0
2023-07-31 07:16:00,10947.246,10947.246,10946.601,10946.601,59,1090,0
2023-07-31 07:17:00,10946.601,10946.601,10945.815,10945.815,60,1090,0
2023-07-31 07:18:00,10945.814,10945.814,10945.221,10945.221,57,1090,0
2023-07-31 07:19:00,10945.22,10945.22,10944.393,10944.393,58,1090,0
2023-07-31 07:20:00,10944.373,10944.373,10943.819,10943.819,58,1090,0
2023-07-31 07:21:00,10943.812,10943.812,10943.118,10943.118,59,1090,0
2023-07-31 07:22:00,10943.105,10943.105,10942.457,10942.457,59,1090,0
2023-07-31 07:23:00,10942.423,10942.423,10941.795,10941.795,59,1090,0
2023-07-31 07:24:00,10941.788,10941.788,10941.07,10941.07,58,1090,0
2023-07-31 07:25:00,10941.063,10941.063,10940.366,10940.366,58,1090,0
2023-07-31 07:26:00,10940.359,10940.359,10939.708,10939.708,59,1090,0
2023-07-31 07:27:00,10939.677,10939.677,10938.913,10938.913,59,1090,0
2023-07-31 07:28:00,10938.912,10938.912,10938.3,10938.3,59,1090,0
2023-07-31 07:29:00,10938.283,10938.283,10937.616,10937.616,58,1090,0
2023-07-31 07:30:00,10937.601,10937.601,10936.974,10936.974,58,1090,0
2023-07-31 07:31:00,10936.955,10936.955,10936.309,10936.309,58,1090,0
2023-07-31 07:32:00,10936.286,10936.286,10935.654,10935.654,60,1090,0
2023-07-31 07:33:00,10935.652,10935.652,10935.053,10935.053,57,1090,0
2023-07-31 07:34:00,10935.051,10935.051,10934.396,10934.396,59,1090,0
2023-07-31 07:35:00,10934.383,10934.383,10933.794,10933.794,57,1090,0
2023-07-31 07:36:00,10933.778,10933.778,10933.102,10933.102,58,1090,0
2023-07-31 07:37:00,10933.091,10933.091,10932.562,10932.562,58,1090,0
2023-07-31 07:38:00,10932.56,10932.56,10931.895,10931.895,54,1090,0
2023-07-31 07:39:00,10931.881,10952.451,10931.764,10951.867,60,1090,0
2023-07-31 07:40:00,10951.85,10951.85,10951.196,10951.196,60,1090,0
2023-07-31 07:41:00,10951.184,10951.184,10950.529,10950.529,58,1090,0
2023-07-31 07:42:00,10950.514,10950.514,10949.814,10949.814,60,1090,0
2023-07-31 07:43:00,10949.78,10949.78,10949.084,10949.084,58,1090,0
2023-07-31 07:44:00,10949.081,10949.081,10948.338,10948.338,60,1090,0
2023-07-31 07:45:00,10948.337,10948.337,10947.728,10947.728,56,1090,0
2023-07-31 07:46:00,10947.717,10947.717,10947.033,10947.033,58,1090,0
2023-07-31 07:47:00,10947.025,10947.025,10946.392,10946.392,57,1090,0
2023-07-31 07:48:00,10946.386,10946.386,10945.676,10945.676,59,1090,0
2023-07-31 07:49:00,10945.67,10945.67,10945.034,10945.034,56,1090,0
2023-07-31 07:50:00,10945.034,10945.034,10944.504,10944.504,57,1090,0
2023-07-31 07:51:00,10944.489,10944.489,10943.876,10943.876,58,1090,0
2023-07-31 07:52:00,10943.875,10943.875,10943.282,10943.282,60,1090,0
2023-07-31 07:53:00,10943.266,10943.266,10942.591,10942.591,58,1090,0
2023-07-31 07:54:00,10942.568,10955.025,10942.18,10954.836,59,1090,0
2023-07-31 07:55:00,10954.835,10954.835,10954.22,10954.22,59,1090,0
2023-07-31 07:56:00,10954.219,10954.219,10953.533,10953.533,59,1090,0
2023-07-31 07:57:00,10953.531,10953.531,10952.88,10952.88,56,1090,0
2023-07-31 07:58:00,10952.876,10952.876,10952.336,10952.336,57,1090,0
2023-07-31 07:59:00,10952.332,10952.332,10951.697,10951.697,57,1090,0
2023-07-31 08:00:00,10951.685,10951.685,10950.99,10950.99,58,1090,0
2023-07-31 08:01:00,10950.969,10950.969,10950.38,10950.38,57,1090,0
2023-07-31 08:02:00,10950.377,10950.377,10949.757,10949.757,57,1090,0
2023-07-31 08:03:00,10949.757,10949.757,10949.148,10949.148,57,1090,0
2023-07-31 08:04:00,10949.146,10949.146,10948.466,10948.466,60,1090,0
2023-07-31 08:05:00,10948.454,10948.458,10947.977,10948.192,57,1090,0
2023-07-31 08:06:00,10948.176,10948.176,10947.56,10947.56,60,1090,0
2023-07-31 08:07:00,10947.553,10947.553,10946.768,10946.768,57,1090,0
2023-07-31 08:08:00,10946.747,10946.747,10946.06,10946.06,57,1090,0
2023-07-31 08:09:00,10946.055,10946.055,10945.466,10945.466,57,1090,0
2023-07-31 08:10:00,10945.443,10945.443,10944.853,10944.853,58,1090,0
2023-07-31 08:11:00,10944.853,10944.853,10944.261,10944.261,59,1090,0
2023-07-31 08:12:00,10944.233,10944.233,10943.574,10943.574,58,1090,0
2023-07-31 08:13:00,10943.556,10943.556,10942.913,10942.913,55,1090,0
2023-07-31 08:14:00,10942.899,10942.899,10942.273,10942.273,55,1090,0
2023-07-31 08:15:00,10942.268,10950.62,10941.76,10950.414,59,1090,0
2023-07-31 08:16:00,10950.406,10950.406,10949.838,10949.838,59,1090,0
2023-07-31 08:17:00,10949.816,10949.816,10949.212,10949.212,58,1090,0
2023-07-31 08:18:00,10949.2,10951.213,10949.109,10950.579,59,1090,0
2023-07-31 08:19:00,10950.576,10966.1,10950.206,10965.803,58,1090,0
2023-07-31 08:20:00,10965.8,10965.8,10965.124,10965.124,60,1090,0
2023-07-31 08:21:00,10965.111,10965.111,10964.475,10964.475,58,1090,0
2023-07-31 08:22:00,10964.461,10964.461,10963.809,10963.809,58,1090,0
2023-07-31 08:23:00,10963.795,10963.795,10963.088,10963.088,60,1090,0
2023-07-31 08:24:00,10963.076,10963.076,10962.435,10962.435,59,1090,0
2023-07-31 08:25:00,10962.432,10962.432,10961.752,10961.752,58,1090,0
2023-07-31 08:26:00,10961.75,10961.75,10961.197,10961.197,59,1090,0
2023-07-31 08:27:00,10961.19,10961.19,10960.555,10960.555,57,1090,0
2023-07-31 08:28:00,10960.552,10960.552,10959.871,10959.871,56,1090,0
2023-07-31 08:29:00,10959.867,10959.867,10959.225,10959.225,59,1090,0
2023-07-31 08:30:00,10959.219,10959.219,10958.537,10958.537,58,1090,0
2023-07-31 08:31:00,10958.517,10958.517,10957.913,10957.913,59,1090,0
2023-07-31 08:32:00,10957.902,10957.902,10957.258,10957.258,58,1090,0
2023-07-31 08:33:00,10957.242,10957.242,10956.632,10956.632,59,1090,0
2023-07-31 08:34:00,10956.629,10956.629,10956.037,10956.037,60,1090,0
2023-07-31 08:35:00,10956.01,10956.01,10955.336,10955.336,59,1090,0
2023-07-31 08:36:00,10955.31,10955.31,10954.602,10954.602,60,1090,0
2023-07-31 08:37:00,10954.582,10954.582,10954.024,10954.024,57,1090,0
2023-07-31 08:38:00,10954.017,10954.017,10953.32,10953.32,59,1090,0
2023-07-31 08:39:00,10953.305,10953.305,10952.654,10952.654,58,1090,0
2023-07-31 08:40:00,10952.643,10952.643,10951.917,10951.917,59,1090,0
2023-07-31 08:41:00,10951.904,10951.904,10951.233,10951.233,59,1090,0
2023-07-31 08:42:00,10951.213,10951.213,10950.499,10950.499,57,1090,0
2023-07-31 08:43:00,10950.488,10950.488,10949.78,10949.78,59,1090,0
2023-07-31 08:44:00,10949.759,10949.759,10949.145,10949.145,60,1090,0
2023-07-31 08:45:00,10949.122,10949.122,10948.438,10948.438,58,1090,0
2023-07-31 08:46:00,10948.435,10948.435,10947.837,10947.837,60,1090,0
2023-07-31 08:47:00,10947.828,10947.828,10947.153,10947.153,59,1090,0
2023-07-31 08:48:00,10947.133,10947.133,10946.517,10946.517,59,1090,0
2023-07-31 08:49:00,10946.494,10946.494,10945.828,10945.828,60,1090,0
2023-07-31 08:50:00,10945.802,10945.802,10945.188,10945.188,57,1090,0
2023-07-31 08:51:00,10945.183,10945.183,10944.514,10944.514,57,1090,0
2023-07-31 08:52:00,10944.506,10944.506,10943.952,10943.952,59,1090,0
2023-07-31 08:53:00,10943.947,10943.947,10943.283,10943.283,57,1090,0
2023-07-31 08:54:00,10943.281,10946.287,10942.89,10946.065,58,1090,0
2023-07-31 08:55:00,10946.054,10946.054,10945.508,10945.508,57,1090,0
2023-07-31 08:56:00,10945.493,10945.493,10944.839,10944.839,59,1090,0
2023-07-31 08:57:00,10944.831,10944.831,10944.208,10944.208,57,1090,0
2023-07-31 08:58:00,10944.207,10944.207,10943.622,10943.622,58,1090,0
2023-07-31 08:59:00,10943.621,10943.621,10943.047,10943.047,58,1090,0
2023-07-31 09:00:00,10943.025,10943.025,10942.401,10942.401,59,1090,0
2023-07-31 09:01:00,10942.395,10942.395,10941.624,10941.624,58,1090,0
2023-07-31 09:02:00,10941.6,10941.6,10940.945,10940.945,58,1090,0
2023-07-31 09:03:00,10940.943,10940.943,10940.332,10940.332,58,1090,0
2023-07-31 09:04:00,10940.319,10940.319,10939.734,10939.734,58,1090,0
2023-07-31 09:05:00,10939.719,10939.719,10938.95,10938.95,60,1090,0
2023-07-31 09:06:00,10938.939,10938.939,10938.316,10938.316,60,1090,0
2023-07-31 09:07:00,10938.305,10938.305,10937.667,10937.667,56,1090,0
2023-07-31 09:08:00,10937.644,10937.644,10937.043,10937.043,59,1090,0
2023-07-31 09:09:00,10937.027,10937.027,10936.351,10936.351,55,1090,0
2023-07-31 09:10:00,10936.35,10936.35,10935.621,10935.621,58,1090,0
2023-07-31 09:11:00,10935.595,10935.595,10934.896,10934.896,59,1090,0
2023-07-31 09:12:00,10934.88,10934.88,10934.167,10934.167,57,1090,0
2023-07-31 09:13:00,10934.158,10934.158,10933.563,10933.563,59,1090,0
2023-07-31 09:14:00,10933.559,10933.559,10932.913,10932.913,58,1090,0
2023-07-31 09:15:00,10932.897,10932.897,10932.221,10932.221,58,1090,0
2023-07-31 09:16:00,10932.217,10932.217,10931.488,10931.488,59,1090,0
2023-07-31 09:17:00,10931.479,10931.479,10930.74,10930.74,59,1090,0
2023-07-31 09:18:00,10930.734,10947.231,10930.582,10946.693,55,1090,0
2023-07-31 09:19:00,10946.686,10946.686,10946.112,10946.112,59,1090,0
2023-07-31 09:20:00,10946.097,10946.097,10945.374,10945.374,56,1090,0
2023-07-31 09:21:00,10945.346,10945.346,10944.658,10944.658,58,1090,0
2023-07-31 09:22:00,10944.638,10944.638,10943.99,10943.99,59,1090,0
2023-07-31 09:23:00,10943.982,10943.982,10943.371,10943.371,58,1090,0
2023-07-31 09:24:00,10943.371,10943.371,10942.692,10942.692,60,1090,0
2023-07-31 09:25:00,10942.69,10942.69,10942.125,10942.125,60,1090,0
2023-07-31 09:26:00,10942.117,10948.216,10941.906,10947.768,58,1090,0
2023-07-31 09:27:00,10947.762,10947.762,10947.086,10947.086,58,1090,0
2023-07-31 09:28:00,10947.06,10947.06,10946.347,10946.347,59,1090,0
2023-07-31 09:29:00,10946.341,10946.341,10945.761,10945.761,58,1090,0
2023-07-31 09:30:00,10945.757,10945.757,10945.072,10945.072,60,1090,0
2023-07-31 09:31:00,10945.065,10945.065,10944.344,10944.344,59,1090,0
2023-07-31 09:32:00,10944.337,10944.337,10943.712,10943.712,56,1090,0
2023-07-31 09:33:00,10943.703,10943.703,10943.028,10943.028,58,1090,0
2023-07-31 09:34:00,10943.018,10943.018,10942.409,10942.409,57,1090,0
2023-07-31 09:35:00,10942.395,10942.395,10941.734,10941.734,60,1090,0
2023-07-31 09:36:00,10941.717,10941.717,10941.048,10941.048,58,1090,0
2023-07-31 09:37:00,10941.026,10941.026,10940.4,10940.4,60,1090,0
2023-07-31 09:38:00,10940.379,10940.379,10939.696,10939.696,58,1090,0
2023-07-31 09:39:00,10939.693,10939.693,10939.07,10939.07,59,1090,0
2023-07-31 09:40:00,10939.044,10939.044,10938.343,10938.343,58,1090,0
2023-07-31 09:41:00,10938.334,10938.334,10937.696,10937.696,58,1090,0
2023-07-31 09:42:00,10937.688,10937.688,10937.008,10937.008,58,1090,0
2023-07-31 09:43:00,10937.001,10937.001,10936.398,10936.398,57,1090,0
2023-07-31 09:44:00,10936.391,10936.391,10935.684,10935.684,60,1090,0
2023-07-31 09:45:00,10935.672,10935.672,10935.054,10935.054,59,1090,0
2023-07-31 09:46:00,10935.053,10935.053,10934.368,10934.368,60,1090,0
2023-07-31 09:47:00,10934.346,10934.346,10933.701,10933.701,59,1090,0
2023-07-31 09:48:00,10933.683,10933.683,10933.037,10933.037,60,1090,0
2023-07-31 09:49:00,10933.021,10933.021,10932.306,10932.306,59,1090,0
2023-07-31 09:50:00,10932.294,10932.294,10931.74,10931.74,55,1090,0
2023-07-31 09:51:00,10931.721,10931.721,10930.985,10930.985,60,1090,0
2023-07-31 09:52:00,10930.969,10930.969,10930.371,10930.371,60,1090,0
2023-07-31 09:53:00,10930.357,10930.357,10929.731,10929.731,57,1090,0
2023-07-31 09:54:00,10929.71,10929.71,10928.952,10928.952,57,1090,0
2023-07-31 09:55:00,10928.941,10928.941,10928.223,10928.223,57,1090,0
2023-07-31 09:56:00,10928.204,10928.204,10927.577,10927.577,57,1090,0
2023-07-31 09:57:00,10927.562,10927.562,10926.836,10926.836,59,1090,0
2023-07-31 09:58:00,10926.826,10926.826,10926.163,10926.163,60,1090,0
2023-07-31 09:59:00,10926.157,10926.157,10925.472,10925.472,57,1090,0
2023-07-31 10:00:00,10925.466,10925.466,10924.726,10924.726,59,1090,0
2023-07-31 10:01:00,10924.71,10924.71,10924.081,10924.081,60,1090,0
2023-07-31 10:02:00,10924.069,10941.301,10923.574,10941.185,58,1090,0
2023-07-31 10:03:00,10941.179,10941.179,10940.646,10940.646,58,1090,0
2023-07-31 10:04:00,10940.637,10940.637,10939.927,10939.927,60,1090,0
2023-07-31 10:05:00,10939.908,10939.908,10939.244,10939.244,58,1090,0
2023-07-31 10:06:00,10939.226,10939.226,10938.555,10938.555,57,1090,0
2023-07-31 10:07:00,10938.549,10938.549,10937.953,10937.953,59,1090,0
2023-07-31 10:08:00,10937.952,10937.952,10937.287,10937.287,58,1090,0
2023-07-31 10:09:00,10937.27,10937.27,10936.554,10936.554,60,1090,0
2023-07-31 10:10:00,10936.533,10936.533,10935.938,10935.938,60,1090,0
2023-07-31 10:11:00,10935.933,10935.933,10935.271,10935.271,59,1090,0
2023-07-31 10:12:00,10935.255,10935.255,10934.672,10934.672,58,1090,0
2023-07-31 10:13:00,10934.668,10937.19,10934.51,10936.632,58,1090,0
2023-07-31 10:14:00,10936.612,10936.612,10935.981,10935.981,59,1090,0
2023-07-31 10:15:00,10935.975,10935.975,10935.324,10935.324,58,1090,0
2023-07-31 10:16:00,10935.316,10935.316,10934.649,10934.649,60,1090,0
2023-07-31 10:17:00,10934.644,10934.644,10933.948,10933.948,60,1090,0
2023-07-31 10:18:00,10933.945,10933.945,10933.276,10933.276,59,1090,0
2023-07-31 10:19:00,10933.261,10933.261,10932.658,10932.658,56,1090,0
2023-07-31 10:20:00,10932.653,10932.653,10932.033,10932.033,59,1090,0
2023-07-31 10:21:00,10932.019,10932.019,10931.372,10931.372,59,1090,0
2023-07-31 10:22:00,10931.362,10931.362,10930.763,10930.763,59,1090,0
2023-07-31 10:23:00,10930.75,10930.75,10929.971,10929.971,59,1090,0
2023-07-31 10:24:00,10929.97,10929.97,10929.324,10929.324,60,1090,0
2023-07-31 10:25:00,10929.32,10929.32,10928.661,10928.661,58,1090,0
2023-07-31 10:26:00,10928.658,10928.658,10928.02,10928.02,60,1090,0
2023-07-31 10:27:00,10928.015,10928.015,10927.375,10927.375,57,1090,0
2023-07-31 10:28:00,10927.358,10927.358,10926.672,10926.672,58,1090,0
2023-07-31 10:29:00,10926.645,10926.645,10926.083,10926.083,56,1090,0
2023-07-31 10:30:00,10926.081,10926.081,10925.39,10925.39,59,1090,0
2023-07-31 10:31:00,10931.719,10931.719,10930.959,10930.959,60,1090,0
2023-07-31 10:32:00,10930.942,10930.942,10930.425,10930.425,57,1090,0
2023-07-31 10:33:00,10930.404,10930.404,10929.748,10929.748,58,1090,0
2023-07-31 10:34:00,10929.74,10929.74,10929.114,10929.114,57,1090,0
2023-07-31 10:35:00,10929.113,10929.113,10928.446,10928.446,59,1090,0
2023-07-31 10:36:00,10928.425,10928.425,10927.738,10927.738,60,1090,0
2023-07-31 10:37:00,10927.724,10949.922,10927.131,10949.873,59,1090,0
2023-07-31 10:38:00,10949.85,10949.85,10949.245,10949.245,58,1090,0
2023-07-31 10:39:00,10949.229,10949.229,10948.615,10948.615,60,1090,0
2023-07-31 10:40:00,10948.607,10948.607,10947.944,10947.944,59,1090,0
2023-07-31 10:41:00,10947.941,10947.941,10947.319,10947.319,57,1090,0
2023-07-31 10:42:00,10947.309,10947.309,10946.77,10946.77,56,1090,0
2023-07-31 10:43:00,10946.762,10946.762,10946.068,10946.068,58,1090,0
2023-07-31 10:44:00,10946.05,10946.05,10945.445,10945.445,60,1090,0
2023-07-31 10:45:00,10945.442,10955.41,10945.115,10955.077,60,1090,0
2023-07-31 10:46:00,10955.06,10955.06,10954.437,10954.437,60,1090,0
2023-07-31 10:47:00,10954.42,10954.42,10953.814,10953.814,58,1090,0
2023-07-31 10:48:00,10953.807,10953.807,10953.095,10953.095,60,1090,0
2023-07-31 10:49:00,10953.084,10953.084,10952.343,10952.343,58,1090,0
2023-07-31 10:50:00,10952.327,10952.327,10951.668,10951.668,59,1090,0
2023-07-31 10:51:00,10951.644,10951.644,10951.003,10951.003,58,1090,0
2023-07-31 10:52:00,10950.995,10950.995,10950.313,10950.313,58,1090,0
2023-07-31 10:53:00,10950.307,10950.307,10949.797,10949.797,56,1090,0
2023-07-31 10:54:00,10949.785,10949.785,10949.176,10949.176,60,1090,0
2023-07-31 10:55:00,10949.168,10949.168,10948.544,10948.544,58,1090,0
2023-07-31 10:56:00,10948.542,10948.542,10947.971,10947.971,59,1090,0
2023-07-31 10:57:00,10947.959,10947.959,10947.389,10947.389,57,1090,0
2023-07-31 10:58:00,10947.383,10947.383,10946.746,10946.746,60,1090,0
2023-07-31 10:59:00,10946.723,10970.263,10946.499,10969.826,59,1090,0
2023-07-31 11:00:00,10969.814,10969.814,10969.17,10969.17,59,1090,0
2023-07-31 11:01:00,10969.166,10969.166,10968.542,10968.542,59,1090,0
2023-07-31 11:02:00,10968.532,10968.532,10967.814,10967.814,55,1090,0
2023-07-31 11:03:00,10967.801,10967.801,10967.11,10967.11,60,1090,0
2023-07-31 11:04:00,10967.091,10967.091,10966.424,10966.424,59,1090,0
2023-07-31 11:05:00,10966.416,10966.416,10965.679,10965.679,60,1090,0
2023-07-31 11:06:00,10965.664,10965.664,10965.016,10965.016,58,1090,0
2023-07-31 11:07:00,10965.008,10965.008,10964.337,10964.337,59,1090,0
2023-07-31 11:08:00,10964.33,10964.33,10963.801,10963.801,60,1090,0
2023-07-31 11:09:00,10963.798,10973.795,10963.211,10973.757,58,1090,0
2023-07-31 11:10:00,10973.752,10973.752,10973.201,10973.201,58,1090,0
2023-07-31 11:11:00,10973.199,10973.199,10972.553,10972.553,60,1090,0
2023-07-31 11:12:00,10972.534,10976.674,10972.072,10976.562,60,1090,0
2023-07-31 11:13:00,10976.544,10976.544,10975.831,10975.831,59,1090,0
2023-07-31 11:14:00,10975.824,10988.568,10975.684,10988.08,59,1090,0
2023-07-31 11:15:00,10988.067,10988.067,10987.391,10987.391,59,1090,0
2023-07-31 11:16:00,10987.387,10987.387,10986.815,10986.815,57,1090,0
2023-07-31 11:17:00,10986.804,10986.804,10986.202,10986.202,59,1090,0
2023-07-31 11:18:00,10986.201,10986.201,10985.584,10985.584,59,1090,0
2023-07-31 11:19:00,10985.561,10985.561,10984.916,10984.916,60,1090,0
2023-07-31 11:20:00,10984.9,10984.9,10984.219,10984.219,60,1090,0
2023-07-31 11:21:00,10984.215,10984.215,10983.543,10983.543,59,1090,0
2023-07-31 11:22:00,10983.541,10983.541,10982.97,10982.97,58,1090,0
2023-07-31 11:23:00,10982.949,10982.949,10982.286,10982.286,57,1090,0
2023-07-31 11:24:00,10982.251,10982.251,10981.653,10981.653,60,1090,0
2023-07-31 11:25:00,10981.651,10981.651,10980.962,10980.962,60,1090,0
2023-07-31 11:26:00,10980.961,10980.961,10980.23,10980.23,59,1090,0
2023-07-31 11:27:00,10980.216,10980.216,10979.547,10979.547,57,1090,0
2023-07-31 11:28:00,10979.544,10979.544,10978.892,10978.892,59,1090,0
2023-07-31 11:29:00,10978.868,10978.868,10978.169,10978.169,59,1090,0
2023-07-31 11:30:00,10978.16,10978.16,10977.327,10977.327,60,1090,0
2023-07-31 11:31:00,10977.307,10977.307,10976.592,10976.592,59,1090,0
2023-07-31 11:32:00,10976.577,10976.577,10975.905,10975.905,57,1090,0
2023-07-31 11:33:00,10975.899,10998.25,10975.757,10997.569,59,1090,0
2023-07-31 11:34:00,10997.547,10997.547,10996.841,10996.841,60,1090,0
2023-07-31 11:35:00,10996.837,10996.837,10996.213,10996.213,57,1090,0
2023-07-31 11:36:00,10996.197,10996.197,10995.47,10995.47,59,1090,0
2023-07-31 11:37:00,10995.456,10995.456,10994.795,10994.795,60,1090,0
2023-07-31 11:38:00,10994.791,10994.791,10994.005,10994.005,60,1100,0
2023-07-31 11:39:00,10993.996,10993.996,10993.295,10993.295,58,1090,0
2023-07-31 11:40:00,10993.294,10993.294,10992.798,10992.798,60,1090,0
2023-07-31 11:41:00,10992.798,10992.798,10992.134,10992.134,57,1090,0
2023-07-31 11:42:00,10992.119,10992.119,10991.498,10991.498,59,1090,0
2023-07-31 11:43:00,10991.493,10991.493,10990.762,10990.762,60,1090,0
2023-07-31 11:44:00,10990.758,10990.758,10990.156,10990.156,57,1090,0
2023-07-31 11:45:00,10990.148,10990.148,10989.545,10989.545,58,1090,0
2023-07-31 11:46:00,10989.515,10989.515,10988.945,10988.945,59,1090,0
2023-07-31 11:47:00,10988.925,10988.925,10988.269,10988.269,59,1090,0
2023-07-31 11:48:00,10988.263,10988.263,10987.533,10987.533,60,1090,0
2023-07-31 11:49:00,10987.525,10987.525,10986.795,10986.795,59,1090,0
2023-07-31 11:50:00,10986.789,10986.789,10986.267,10986.267,58,1090,0
2023-07-31 11:51:00,10986.261,10986.261,10985.55,10985.55,59,1090,0
2023-07-31 11:52:00,10985.542,10985.542,10984.899,10984.899,60,1090,0
2023-07-31 11:53:00,10984.897,10984.897,10984.339,10984.339,58,1090,0
2023-07-31 11:54:00,10984.339,10984.339,10983.795,10983.795,57,1090,0
2023-07-31 11:55:00,10983.788,10983.788,10983.149,10983.149,58,1090,0
2023-07-31 11:56:00,10983.145,10983.145,10982.392,10982.392,60,1090,0
2023-07-31 11:57:00,10982.374,10982.374,10981.776,10981.776,58,1090,0
2023-07-31 11:58:00,10981.773,10981.773,10981.133,10981.133,55,1090,0
2023-07-31 11:59:00,10981.119,10981.119,10980.522,10980.522,58,1090,0
2023-07-31 12:00:00,10980.509,10980.509,10979.842,10979.842,60,1090,0
2023-07-31 12:01:00,10979.841,10979.841,10979.158,10979.158,58,1090,0
2023-07-31 12:02:00,10979.145,10979.145,10978.554,10978.554,58,1090,0
2023-07-31 12:03:00,10978.549,10978.549,10977.795,10977.795,60,1090,0
2023-07-31 12:04:00,10977.783,10977.783,10977.176,10977.176,60,1090,0
2023-07-31 12:05:00,10977.169,10977.169,10976.531,10976.531,57,1090,0
2023-07-31 12:06:00,10976.525,10976.525,10975.834,10975.834,58,1090,0
2023-07-31 12:07:00,10975.822,10975.822,10975.274,10975.274,57,1090,0
2023-07-31 12:08:00,10975.256,10975.256,10974.556,10974.556,59,1090,0
2023-07-31 12:09:00,10974.556,10974.556,10973.911,10973.911,56,1090,0
2023-07-31 12:10:00,10973.894,10973.894,10973.276,10973.276,56,1090,0
2023-07-31 12:11:00,10973.262,10973.262,10972.601,10972.601,57,1090,0
2023-07-31 12:12:00,10972.584,10972.584,10972.012,10972.012,60,1090,0
2023-07-31 12:13:00,10971.997,10971.997,10971.416,10971.416,59,1090,0
2023-07-31 12:14:00,10971.393,10971.393,10970.746,10970.746,56,1090,0
2023-07-31 12:15:00,10970.722,10970.722,10970.061,10970.061,59,1090,0
2023-07-31 12:16:00,10970.043,10970.043,10969.44,10969.44,57,1090,0
2023-07-31 12:17:00,10969.417,10969.417,10968.684,10968.684,59,1090,0
2023-07-31 12:18:00,10968.673,10973.274,10968.655,10972.695,60,1090,0
2023-07-31 12:19:00,10972.686,10972.686,10972.106,10972.106,58,1090,0
2023-07-31 12:20:00,10972.1,10972.1,10971.379,10971.379,59,1090,0
2023-07-31 12:21:00,10971.366,10971.366,10970.727,10970.727,59,1090,0
2023-07-31 12:22:00,10970.727,10970.727,10970.105,10970.105,58,1090,0
2023-07-31 12:23:00,10970.094,10970.094,10969.437,10969.437,60,1090,0
2023-07-31 12:24:00,10969.431,10969.431,10968.73,10968.73,59,1090,0
2023-07-31 12:25:00,10968.698,10968.698,10968.006,10968.006,58,1090,0
2023-07-31 12:26:00,10968.005,10968.005,10967.292,10967.292,60,1090,0
2023-07-31 12:27:00,10967.27,10967.27,10966.539,10966.539,58,1090,0
2023-07-31 12:28:00,10966.531,10966.531,10965.913,10965.913,59,1090,0
2023-07-31 12:29:00,10965.912,10965.912,10965.297,10965.297,60,1090,0
2023-07-31 12:30:00,10965.297,10965.297,10964.675,10964.675,56,1090,0
2023-07-31 12:31:00,10964.65,10964.65,10964.031,10964.031,59,1090,0
2023-07-31 12:32:00,10964.011,10964.011,10963.374,10963.374,60,1090,0
2023-07-31 12:33:00,10963.367,10963.367,10962.795,10962.795,58,1090,0
2023-07-31 12:34:00,10962.771,10962.771,10962.07,10962.07,59,1090,0
2023-07-31 12:35:00,10962.055,10962.055,10961.537,10961.537,60,1090,0
2023-07-31 12:36:00,10961.523,10961.523,10960.814,10960.814,58,1090,0
2023-07-31 12:37:00,10960.811,10971.98,10960.366,10971.797,60,1090,0
2023-07-31 12:38:00,10971.785,10971.785,10971.114,10971.114,59,1090,0
2023-07-31 12:39:00,10971.099,10971.099,10970.476,10970.476,56,1090,0
2023-07-31 12:40:00,10970.461,10970.461,10969.744,10969.744,58,1090,0
2023-07-31 12:41:00,10969.733,10969.733,10969.069,10969.069,59,1090,0
2023-07-31 12:42:00,10969.057,10969.057,10968.391,10968.391,57,1090,0
2023-07-31 12:43:00,10968.378,10968.378,10967.673,10967.673,58,1090,0
2023-07-31 12:44:00,10967.664,10967.664,10966.919,10966.919,57,1090,0
2023-07-31 12:45:00,10966.914,10966.914,10966.171,10966.171,59,1090,0
2023-07-31 12:46:00,10966.162,10966.162,10965.43,10965.43,58,1090,0
2023-07-31 12:47:00,10965.416,10965.416,10964.848,10964.848,58,1090,0
2023-07-31 12:48:00,10964.83,10964.83,10964.124,10964.124,57,1090,0
2023-07-31 12:49:00,10964.11,10964.11,10963.572,10963.572,57,1090,0
2023-07-31 12:50:00,10963.56,10978.411,10963.236,10978.096,60,1090,0
2023-07-31 12:51:00,10978.091,10978.091,10977.426,10977.426,60,1090,0
2023-07-31 12:52:00,10977.409,10977.409,10976.737,10976.737,60,1090,0
2023-07-31 12:53:00,10976.725,10976.725,10976.036,10976.036,59,1090,0
2023-07-31 12:54:00,10976.033,10976.033,10975.553,10975.553,56,1090,0
2023-07-31 12:55:00,10975.548,10975.548,10974.86,10974.86,59,1090,0
2023-07-31 12:56:00,10974.857,10974.857,10974.305,10974.305,57,1090,0
2023-07-31 12:57:00,10974.298,10974.298,10973.722,10973.722,59,1090,0
2023-07-31 12:58:00,10973.711,10989.315,10973.194,10989.134,59,1090,0
2023-07-31 12:59:00,10989.121,10989.121,10988.417,10988.417,59,1090,0
2023-07-31 13:00:00,10988.407,10988.407,10987.692,10987.692,60,1090,0
2023-07-31 13:01:00,10987.689,10987.689,10987.129,10987.129,59,1090,0
2023-07-31 13:02:00,10987.126,10987.126,10986.407,10986.407,60,1090,0
2023-07-31 13:03:00,10986.402,10986.402,10985.782,10985.782,57,1090,0
2023-07-31 13:04:00,10985.766,10985.766,10985.091,10985.091,60,1090,0
2023-07-31 13:05:00,10985.079,10985.079,10984.403,10984.403,60,1090,0
2023-07-31 13:06:00,10984.389,10984.389,10983.719,10983.719,58,1090,0
2023-07-31 13:07:00,10983.7,10983.7,10983.028,10983.028,59,1090,0
2023-07-31 13:08:00,10983.016,10983.016,10982.379,10982.379,57,1090,0
2023-07-31 13:09:00,10982.356,10982.356,10981.633,10981.633,58,1090,0
2023-07-31 13:10:00,10981.628,10981.628,10980.958,10980.958,60,1090,0
2023-07-31 13:11:00,10980.951,10980.951,10980.249,10980.249,60,1090,0
2023-07-31 13:12:00,10980.246,10980.246,10979.606,10979.606,57,1090,0
2023-07-31 13:13:00,10979.604,10995.085,10978.939,10995.055,59,1090,0
2023-07-31 13:14:00,10995.037,10995.037,10994.389,10994.389,58,1090,0
2023-07-31 13:15:00,10994.376,10994.376,10993.717,10993.717,58,1090,0
2023-07-31 13:16:00,10993.701,11009.683,10993.45,11009.327,58,1090,0
2023-07-31 13:17:00,11009.319,11009.319,11008.651,11008.651,59,1100,0
2023-07-31 13:18:00,11008.633,11008.633,11007.913,11007.913,59,1100,0
2023-07-31 13:19:00,11007.9,11007.9,11007.289,11007.289,60,1100,0
2023-07-31 13:20:00,11007.271,11007.271,11006.562,11006.562,58,1100,0
2023-07-31 13:21:00,11006.541,11006.541,11005.813,11005.813,59,1100,0
2023-07-31 13:22:00,11005.812,11027.212,11005.408,11027.014,59,1100,0
2023-07-31 13:23:00,11027.003,11027.003,11026.353,11026.353,58,1100,0
2023-07-31 13:24:00,11026.352,11026.352,11025.728,11025.728,58,1100,0
2023-07-31 13:25:00,11025.726,11043.156,11025.726,11042.51,60,1100,0
2023-07-31 13:26:00,11042.506,11042.506,11041.816,11041.816,58,1100,0
2023-07-31 13:27:00,11041.801,11041.801,11041.159,11041.159,58,1100,0
2023-07-31 13:28:00,11041.151,11054.964,11041.017,11054.542,57,1100,0
2023-07-31 13:29:00,11054.539,11054.539,11053.878,11053.878,58,1100,0
2023-07-31 13:30:00,11053.844,11053.844,11053.113,11053.113,59,1100,0
2023-07-31 13:31:00,11053.107,11053.107,11052.459,11052.459,59,1100,0
2023-07-31 13:32:00,11052.447,11052.447,11051.821,11051.821,57,1100,0
2023-07-31 13:33:00,11051.808,11051.808,11051.173,11051.173,60,1100,0
2023-07-31 13:34:00,11051.165,11077.628,11050.7,11077.522,59,1100,0
2023-07-31 13:35:00,11077.498,11077.498,11076.868,11076.868,60,1100,0
2023-07-31 13:36:00,11076.857,11076.857,11076.225,11076.225,60,1100,0
2023-07-31 13:37:00,11076.214,11085.179,11075.947,11084.765,60,1100,0
2023-07-31 13:38:00,11084.754,11084.754,11084.025,11084.025,59,1100,0
2023-07-31 13:39:00,11084.008,11084.008,11083.409,11083.409,59,1100,0
2023-07-31 13:40:00,11083.407,11083.407,11082.764,11082.764,54,1100,0
2023-07-31 13:41:00,11082.758,11082.758,11082.099,11082.099,59,1100,0
2023-07-31 13:42:00,11082.084,11082.084,11081.487,11081.487,59,1100,0
2023-07-31 13:43:00,11081.482,11081.482,11080.84,11080.84,58,1100,0
2023-07-31 13:44:00,11080.823,11080.823,11080.217,11080.217,60,1100,0
2023-07-31 13:45:00,11080.206,11080.206,11079.572,11079.572,57,1100,0
2023-07-31 13:46:00,11079.557,11079.557,11078.917,11078.917,60,1100,0
2023-07-31 13:47:00,11078.907,11078.907,11078.223,11078.223,60,1100,0
2023-07-31 13:48:00,11078.222,11078.222,11077.468,11077.468,59,1100,0
2023-07-31 13:49:00,11077.456,11077.456,11076.798,11076.798,58,1100,0
2023-07-31 13:50:00,11076.793,11076.793,11076.021,11076.021,57,1100,0
2023-07-31 13:51:00,11076.007,11076.007,11075.364,11075.364,58,1100,0
2023-07-31 13:52:00,11075.356,11075.356,11074.703,11074.703,59,1100,0
2023-07-31 13:53:00,11074.7,11074.7,11073.994,11073.994,58,1100,0
2023-07-31 13:54:00,11073.967,11089.763,11073.658,11089.466,59,1100,0
2023-07-31 13:55:00,11089.464,11089.464,11088.809,11088.809,58,1100,0
2023-07-31 13:56:00,11088.795,11088.795,11088.198,11088.198,59,1100,0
2023-07-31 13:57:00,11088.178,11088.178,11087.535,11087.535,56,1100,0
2023-07-31 13:58:00,11087.533,11087.533,11086.889,11086.889,57,1100,0
2023-07-31 13:59:00,11086.88,11086.88,11086.179,11086.179,59,1100,0
2023-07-31 14:00:00,11086.153,11086.153,11085.391,11085.391,59,1100,0
2023-07-31 14:01:00,11085.377,11085.377,11084.83,11084.83,57,1100,0
2023-07-31 14:02:00,11084.828,11084.828,11084.166,11084.166,58,1100,0
2023-07-31 14:03:00,11084.15,11084.15,11083.434,11083.434,58,1100,0
2023-07-31 14:04:00,11083.427,11083.427,11082.815,11082.815,57,1100,0
2023-07-31 14:05:00,11082.81,11082.81,11082.114,11082.114,58,1100,0
2023-07-31 14:06:00,11082.111,11082.111,11081.485,11081.485,58,1100,0
2023-07-31 14:07:00,11081.47,11081.47,11080.84,11080.84,56,1100,0
2023-07-31 14:08:00,11080.831,11080.831,11080.118,11080.118,59,1100,0
2023-07-31 14:09:00,11080.117,11080.117,11079.537,11079.537,60,1100,0
2023-07-31 14:10:00,11079.512,11079.512,11078.788,11078.788,59,1100,0
2023-07-31 14:11:00,11078.778,11078.778,11078.135,11078.135,60,1100,0
2023-07-31 14:12:00,11078.125,11078.125,11077.441,11077.441,59,1100,0
2023-07-31 14:13:00,11077.438,11077.438,11076.841,11076.841,57,1100,0
2023-07-31 14:14:00,11076.827,11076.827,11076.187,11076.187,59,1100,0
2023-07-31 14:15:00,11076.174,11076.174,11075.524,11075.524,59,1100,0
2023-07-31 14:16:00,11075.5,11075.5,11074.796,11074.796,60,1100,0
2023-07-31 14:17:00,11074.792,11074.792,11074.032,11074.032,59,1100,0
2023-07-31 14:18:00,11074.017,11074.017,11073.319,11073.319,59,1100,0
2023-07-31 14:19:00,11073.319,11073.319,11072.643,11072.643,60,1100,0
2023-07-31 14:20:00,11072.624,11072.624,11071.893,11071.893,59,1100,0
2023-07-31 14:21:00,11071.867,11071.867,11071.17,11071.17,59,1100,0
2023-07-31 14:22:00,11071.161,11071.161,11070.59,11070.59,58,1100,0
2023-07-31 14:23:00,11070.566,11070.566,11069.841,11069.841,59,1100,0
2023-07-31 14:24:00,11069.836,11069.836,11069.19,11069.19,59,1100,0
2023-07-31 14:25:00,11069.187,11069.187,11068.478,11068.478,59,1100,0
2023-07-31 14:26:00,11068.466,11068.466,11067.802,11067.802,59,1100,0
2023-07-31 14:27:00,11067.788,11067.788,11067.174,11067.174,57,1100,0
2023-07-31 14:28:00,11067.171,11067.171,11066.499,11066.499,57,1100,0
2023-07-31 14:29:00,11066.467,11066.467,11065.79,11065.79,60,1100,0
2023-07-31 14:30:00,11065.784,11065.784,11065.206,11065.206,60,1100,0
2023-07-31 14:31:00,11065.184,11065.184,11064.474,11064.474,59,1100,0
2023-07-31 14:32:00,11064.473,11064.473,11063.919,11063.919,57,1100,0
2023-07-31 14:33:00,11063.911,11063.911,11063.296,11063.296,59,1100,0
2023-07-31 14:34:00,11063.295,11063.295,11062.576,11062.576,58,1100,0
2023-07-31 14:35:00,11062.569,11062.569,11061.963,11061.963,58,1100,0
2023-07-31 14:36:00,11061.956,11061.956,11061.313,11061.313,56,1100,0
2023-07-31 14:37:00,11061.308,11061.308,11060.494,11060.494,60,1100,0
2023-07-31 14:38:00,11060.492,11060.492,11059.77,11059.77,60,1100,0
2023-07-31 14:39:00,11059.766,11059.766,11059.027,11059.027,59,1100,0
2023-07-31 14:40:00,11059.021,11059.021,11058.372,11058.372,59,1100,0
2023-07-31 14:41:00,11058.369,11058.369,11057.68,11057.68,59,1100,0
2023-07-31 14:42:00,11057.677,11057.677,11057.015,11057.015,58,1100,0
2023-07-31 14:43:00,11057.014,11057.014,11056.309,11056.309,59,1100,0
2023-07-31 14:44:00,11056.301,11056.301,11055.746,11055.746,60,1100,0
2023-07-31 14:45:00,11055.733,11055.733,11054.962,11054.962,59,1100,0
2023-07-31 14:46:00,11054.958,11054.958,11054.227,11054.227,60,1100,0
2023-07-31 14:47:00,11054.221,11054.221,11053.597,11053.597,56,1100,0
2023-07-31 14:48:00,11053.587,11053.587,11052.874,11052.874,58,1100,0
2023-07-31 14:49:00,11052.859,11052.859,11052.312,11052.312,59,1100,0
2023-07-31 14:50:00,11052.287,11052.287,11051.753,11051.753,56,1100,0
2023-07-31 14:51:00,11051.742,11051.742,11051.042,11051.042,59,1100,0
2023-07-31 14:52:00,11051.024,11051.024,11050.28,11050.28,58,1100,0
2023-07-31 14:53:00,11050.252,11050.252,11049.548,11049.548,59,1100,0
2023-07-31 14:54:00,11049.532,11049.532,11048.9,11048.9,59,1100,0
2023-07-31 14:55:00,11048.889,11048.889,11048.283,11048.283,58,1100,0
2023-07-31 14:56:00,11048.266,11048.266,11047.668,11047.668,59,1100,0
2023-07-31 14:57:00,11047.656,11047.656,11047.079,11047.079,55,1100,0
2023-07-31 14:58:00,11047.078,11047.078,11046.483,11046.483,59,1100,0
2023-07-31 14:59:00,11046.465,11046.465,11045.794,11045.794,58,1100,0
2023-07-31 15:00:00,11045.792,11045.792,11045.224,11045.224,57,1100,0
2023-07-31 15:01:00,11045.204,11045.204,11044.553,11044.553,58,1100,0
2023-07-31 15:02:00,11044.546,11044.546,11043.868,11043.868,56,1100,0
2023-07-31 15:03:00,11043.86,11043.86,11043.257,11043.257,56,1100,0
2023-07-31 15:04:00,11043.234,11043.234,11042.628,11042.628,60,1100,0
2023-07-31 15:05:00,11042.61,11042.61,11041.973,11041.973,58,1100,0
2023-07-31 15:06:00,11041.957,11041.957,11041.282,11041.282,57,1100,0
2023-07-31 15:07:00,11041.278,11041.278,11040.665,11040.665,60,1100,0
2023-07-31 15:08:00,11040.659,11048.465,11040.548,11047.945,60,1100,0
2023-07-31 15:09:00,11047.936,11047.936,11047.218,11047.218,60,1100,0
2023-07-31 15:10:00,11047.214,11047.214,11046.529,11046.529,60,1100,0
2023-07-31 15:11:00,11046.517,11046.517,11045.96,11045.96,56,1100,0
2023-07-31 15:12:00,11045.955,11045.955,11045.238,11045.238,60,1100,0
2023-07-31 15:13:00,11045.215,11045.215,11044.588,11044.588,60,1100,0
2023-07-31 15:14:00,11044.579,11044.579,11043.928,11043.928,60,1100,0
2023-07-31 15:15:00,11043.92,11043.92,11043.245,11043.245,57,1100,0
2023-07-31 15:16:00,11043.236,11043.236,11042.533,11042.533,60,1100,0
2023-07-31 15:17:00,11042.52,11042.52,11041.886,11041.886,59,1100,0
2023-07-31 15:18:00,11041.864,11041.864,11041.113,11041.113,60,1100,0
2023-07-31 15:19:00,11041.112,11041.112,11040.508,11040.508,59,1100,0
2023-07-31 15:20:00,11040.488,11040.488,11039.708,11039.708,58,1100,0
2023-07-31 15:21:00,11039.699,11039.699,11039.035,11039.035,59,1100,0
2023-07-31 15:22:00,11039.014,11039.014,11038.376,11038.376,58,1100,0
2023-07-31 15:23:00,11038.372,11038.372,11037.807,11037.807,59,1100,0
2023-07-31 15:24:00,11037.784,11037.784,11037.154,11037.154,60,1100,0
2023-07-31 15:25:00,11037.135,11037.135,11036.483,11036.483,59,1100,0
2023-07-31 15:26:00,11036.482,11036.482,11035.814,11035.814,57,1100,0
2023-07-31 15:27:00,11035.802,11035.802,11035.223,11035.223,58,1100,0
2023-07-31 15:28:00,11035.201,11046.288,11035.039,11045.783,59,1100,0
2023-07-31 15:29:00,11045.768,11045.768,11045.14,11045.14,60,1100,0
2023-07-31 15:30:00,11045.137,11045.137,11044.498,11044.498,56,1100,0
2023-07-31 15:31:00,11044.487,11044.487,11043.833,11043.833,57,1100,0
2023-07-31 15:32:00,11043.824,11043.824,11043.12,11043.12,57,1100,0
2023-07-31 15:33:00,11043.093,11043.093,11042.439,11042.439,59,1100,0
2023-07-31 15:34:00,11042.432,11042.432,11041.786,11041.786,58,1100,0
2023-07-31 15:35:00,11041.783,11041.783,11041.103,11041.103,59,1100,0
2023-07-31 15:36:00,11041.098,11065.924,11040.595,11065.75,56,1100,0
2023-07-31 15:37:00,11065.747,11065.747,11065.092,11065.092,60,1100,0
2023-07-31 15:38:00,11065.075,11065.075,11064.448,11064.448,56,1100,0
2023-07-31 15:39:00,11064.442,11064.442,11063.861,11063.861,58,1100,0
2023-07-31 15:40:00,11063.844,11063.844,11063.186,11063.186,58,1100,0
2023-07-31 15:41:00,11063.18,11063.18,11062.47,11062.47,60,1100,0
2023-07-31 15:42:00,11062.47,11062.47,11061.821,11061.821,60,1100,0
2023-07-31 15:43:00,11061.815,11061.815,11061.128,11061.128,59,1100,0
2023-07-31 15:44:00,11061.123,11061.123,11060.431,11060.431,58,1100,0
2023-07-31 15:45:00,11060.423,11060.423,11059.812,11059.812,60,1100,0
2023-07-31 15:46:00,11059.812,11059.812,11059.162,11059.162,59,1100,0
2023-07-31 15:47:00,11059.152,11059.152,11058.523,11058.523,59,1100,0
2023-07-31 15:48:00,11058.503,11058.503,11057.868,11057.868,58,1100,0
2023-07-31 15:49:00,11057.859,11057.859,11057.161,11057.161,60,1100,0
2023-07-31 15:50:00,11057.157,11057.157,11056.531,11056.531,57,1100,0
2023-07-31 15:51:00,11056.507,11056.507,11055.796,11055.796,59,1100,0
2023-07-31 15:52:00,11055.786,11055.786,11055.157,11055.157,59,1100,0
2023-07-31 15:53:00,11055.153,11055.153,11054.512,11054.512,58,1100,0
2023-07-31 15:54:00,11054.501,11054.501,11053.876,11053.876,60,1100,0
2023-07-31 15:55:00,11053.872,11053.872,11053.177,11053.177,59,1100,0
2023-07-31 15:56:00,11053.159,11053.159,11052.548,11052.548,58,1100,0
2023-07-31 15:57:00,11052.533,11052.533,11051.857,11051.857,59,1100,0
2023-07-31 15:58:00,11051.846,11051.846,11051.226,11051.226,57,1100,0
2023-07-31 15:59:00,11051.212,11051.212,11050.532,11050.532,58,1100,0
2023-07-31 16:00:00,11050.53,11050.53,11049.874,11049.874,57,1100,0
2023-07-31 16:01:00,11049.871,11049.871,11049.235,11049.235,59,1100,0
2023-07-31 16:02:00,11049.234,11049.234,11048.516,11048.516,60,1100,0
2023-07-31 16:03:00,11048.498,11048.498,11048.025,11048.025,56,1100,0
2023-07-31 16:04:00,11048.008,11048.008,11047.293,11047.293,60,1100,0
2023-07-31 16:05:00,11047.278,11047.278,11046.564,11046.564,60,1100,0
2023-07-31 16:06:00,11046.537,11046.537,11045.815,11045.815,60,1100,0
2023-07-31 16:07:00,11045.813,11045.813,11045.168,11045.168,59,1100,0
2023-07-31 16:08:00,11045.165,11045.165,11044.513,11044.513,59,1100,0
2023-07-31 16:09:00,11044.512,11044.512,11043.905,11043.905,59,1100,0
2023-07-31 16:10:00,11043.896,11043.896,11043.147,11043.147,57,1100,0
2023-07-31 16:11:00,11043.146,11043.146,11042.488,11042.488,55,1100,0
2023-07-31 16:12:00,11042.484,11042.484,11041.758,11041.758,60,1100,0
2023-07-31 16:13:00,11041.738,11041.738,11041.039,11041.039,60,1100,0
2023-07-31 16:14:00,11041.018,11063.322,11040.638,11063.018,59,1100,0
2023-07-31 16:15:00,11063.013,11063.013,11062.44,11062.44,59,1100,0
2023-07-31 16:16:00,11062.408,11062.408,11061.834,11061.834,56,1100,0
2023-07-31 16:17:00,11061.819,11061.819,11061.051,11061.051,60,1100,0
2023-07-31 16:18:00,11061.038,11061.038,11060.469,11060.469,59,1100,0
2023-07-31 16:19:00,11060.467,11060.467,11059.765,11059.765,60,1100,0
2023-07-31 16:20:00,11059.752,11059.752,11059.072,11059.072,60,1100,0
2023-07-31 16:21:00,11059.059,11059.059,11058.393,11058.393,58,1100,0
2023-07-31 16:22:00,11058.381,11058.381,11057.736,11057.736,58,1100,0
2023-07-31 16:23:00,11057.733,11057.733,11057.075,11057.075,60,1100,0
2023-07-31 16:24:00,11057.074,11057.074,11056.565,11056.565,57,1100,0
2023-07-31 16:25:00,11056.548,11056.548,11056.035,11056.035,57,1100,0
2023-07-31 16:26:00,11056.023,11056.023,11055.35,11055.35,59,1100,0
2023-07-31 16:27:00,11055.342,11055.342,11054.61,11054.61,60,1100,0
2023-07-31 16:28:00,11054.604,11054.604,11053.931,11053.931,59,1100,0
2023-07-31 16:29:00,11053.919,11053.919,11053.293,11053.293,58,1100,0
2023-07-31 16:30:00,11053.293,11053.293,11052.647,11052.647,57,1100,0
2023-07-31 16:31:00,11052.631,11052.631,11051.976,11051.976,55,1100,0
2023-07-31 16:32:00,11051.947,11051.947,11051.237,11051.237,59,1100,0
2023-07-31 16:33:00,11051.218,11051.218,11050.561,11050.561,60,1100,0
2023-07-31 16:34:00,11050.553,11050.553,11049.906,11049.906,55,1100,0
2023-07-31 16:35:00,11049.888,11049.888,11049.192,11049.192,60,1100,0
2023-07-31 16:36:00,11049.187,11049.187,11048.539,11048.539,57,1100,0
2023-07-31 16:37:00,11048.52,11061.708,11047.916,11061.582,60,1100,0
2023-07-31 16:38:00,11061.581,11061.581,11061.013,11061.013,59,1100,0
2023-07-31 16:39:00,11060.998,11060.998,11060.368,11060.368,58,1100,0
2023-07-31 16:40:00,11060.352,11061.167,11060.081,11060.886,57,1100,0
2023-07-31 16:41:00,11060.875,11060.875,11060.141,11060.141,58,1100,0
2023-07-31 16:42:00,11060.13,11060.13,11059.617,11059.617,60,1100,0
2023-07-31 16:43:00,11059.593,11059.593,11058.955,11058.955,58,1100,0
2023-07-31 16:44:00,11058.933,11058.933,11058.295,11058.295,60,1100,0
2023-07-31 16:45:00,11058.264,11058.264,11057.677,11057.677,55,1100,0
2023-07-31 16:46:00,11057.659,11057.659,11057.009,11057.009,60,1100,0
2023-07-31 16:47:00,11056.999,11056.999,11056.362,11056.362,59,1100,0
2023-07-31 16:48:00,11056.337,11056.337,11055.687,11055.687,58,1100,0
2023-07-31 16:49:00,11055.683,11055.683,11055.144,11055.144,59,1100,0
2023-07-31 16:50:00,11055.128,11055.128,11054.486,11054.486,59,1100,0
2023-07-31 16:51:00,11054.48,11054.48,11053.826,11053.826,59,1100,0
2023-07-31 16:52:00,11053.803,11053.803,11053.139,11053.139,60,1100,0
2023-07-31 16:53:00,11053.138,11053.138,11052.354,11052.354,60,1100,0
2023-07-31 16:54:00,11052.34,11052.34,11051.734,11051.734,57,1100,0
2023-07-31 16:55:00,11051.72,11051.72,11051.109,11051.109,58,1100,0
2023-07-31 16:56:00,11051.107,11051.107,11050.534,11050.534,60,1100,0
2023-07-31 16:57:00,11050.517,11050.517,11049.878,11049.878,57,1100,0
2023-07-31 16:58:00,11049.87,11049.87,11049.203,11049.203,60,1100,0
2023-07-31 16:59:00,11049.182,11049.182,11048.522,11048.522,58,1100,0
2023-07-31 17:00:00,11048.517,11048.517,11047.831,11047.831,58,1100,0
2023-07-31 17:01:00,11047.83,11047.83,11047.15,11047.15,59,1100,0
2023-07-31 17:02:00,11047.145,11047.145,11046.446,11046.446,60,1100,0
2023-07-31 17:03:00,11046.43,11061.835,11046.346,11061.273,59,1100,0
2023-07-31 17:04:00,11061.27,11061.27,11060.667,11060.667,58,1100,0
2023-07-31 17:05:00,11060.667,11060.667,11060.023,11060.023,60,1100,0
2023-07-31 17:06:00,11059.999,11059.999,11059.402,11059.402,56,1100,0
2023-07-31 17:07:00,11059.398,11059.398,11058.726,11058.726,59,1100,0
2023-07-31 17:08:00,11058.72,11058.72,11057.985,11057.985,60,1100,0
2023-07-31 17:09:00,11057.974,11057.974,11057.288,11057.288,60,1100,0
2023-07-31 17:10:00,11057.275,11057.275,11056.592,11056.592,59,1100,0
2023-07-31 17:11:00,11056.591,11056.591,11055.96,11055.96,60,1100,0
2023-07-31 17:12:00,11055.938,11055.938,11055.284,11055.284,58,1100,0
2023-07-31 17:13:00,11055.283,11055.283,11054.586,11054.586,59,1100,0
2023-07-31 17:14:00,11054.573,11054.573,11053.965,11053.965,55,1100,0
2023-07-31 17:15:00,11053.94,11053.94,11053.258,11053.258,59,1100,0
2023-07-31 17:16:00,11053.242,11053.242,11052.614,11052.614,57,1100,0
2023-07-31 17:17:00,11052.603,11052.603,11051.959,11051.959,58,1100,0
2023-07-31 17:18:00,11051.941,11059.583,11051.543,11059.307,59,1100,0
2023-07-31 17:19:00,11059.307,11059.307,11058.701,11058.701,58,1100,0
2023-07-31 17:20:00,11058.683,11058.683,11058.072,11058.072,57,1100,0
2023-07-31 17:21:00,11058.057,11058.057,11057.436,11057.436,59,1100,0
2023-07-31 17:22:00,11057.432,11057.432,11056.766,11056.766,60,1100,0
2023-07-31 17:23:00,11056.753,11056.753,11056.187,11056.187,60,1100,0
2023-07-31 17:24:00,11056.165,11056.165,11055.476,11055.476,55,1100,0
2023-07-31 17:25:00,11055.464,11055.464,11054.741,11054.741,59,1100,0
2023-07-31 17:26:00,11054.74,11054.74,11054.052,11054.052,59,1100,0
2023-07-31 17:27:00,11054.046,11054.046,11053.363,11053.363,60,1100,0
2023-07-31 17:28:00,11053.352,11053.352,11052.624,11052.624,58,1100,0
2023-07-31 17:29:00,11052.619,11066.58,11052.192,11066.427,59,1100,0
2023-07-31 17:30:00,11066.421,11066.421,11065.768,11065.768,60,1100,0
2023-07-31 17:31:00,11065.765,11065.765,11065.166,11065.166,59,1100,0
2023-07-31 17:32:00,11065.148,11065.148,11064.396,11064.396,58,1100,0
2023-07-31 17:33:00,11064.383,11068.447,11063.825,11068.332,59,1100,0
2023-07-31 17:34:00,11068.332,11068.332,11067.641,11067.641,58,1100,0
2023-07-31 17:35:00,11067.627,11067.627,11066.939,11066.939,58,1100,0
2023-07-31 17:36:00,11066.91,11066.91,11066.283,11066.283,59,1100,0
2023-07-31 17:37:00,11066.282,11066.282,11065.614,11065.614,60,1100,0
2023-07-31 17:38:00,11065.604,11065.604,11065.026,11065.026,59,1100,0
2023-07-31 17:39:00,11065.004,11065.004,11064.283,11064.283,59,1100,0
2023-07-31 17:40:00,11064.283,11064.283,11063.654,11063.654,57,1100,0
2023-07-31 17:41:00,11063.635,11063.635,11063.061,11063.061,58,1100,0
2023-07-31 17:42:00,11063.057,11089.308,11062.761,11088.953,60,1100,0
2023-07-31 17:43:00,11088.943,11088.943,11088.246,11088.246,59,1100,0
2023-07-31 17:44:00,11088.227,11088.227,11087.634,11087.634,58,1100,0
2023-07-31 17:45:00,11087.61,11087.61,11086.863,11086.863,58,1100,0
2023-07-31 17:46:00,11086.854,11086.854,11086.247,11086.247,58,1100,0
2023-07-31 17:47:00,11086.241,11086.241,11085.62,11085.62,58,1100,0
2023-07-31 17:48:00,11085.606,11085.606,11084.865,11084.865,60,1100,0
2023-07-31 17:49:00,11084.864,11084.864,11084.288,11084.288,59,1100,0
2023-07-31 17:50:00,11084.28,11084.28,11083.659,11083.659,59,1100,0
2023-07-31 17:51:00,11083.653,11083.653,11082.985,11082.985,58,1100,0
2023-07-31 17:52:00,11082.977,11082.977,11082.22,11082.22,58,1100,0
2023-07-31 17:53:00,11082.197,11082.197,11081.502,11081.502,58,1100,0
2023-07-31 17:54:00,11081.493,11081.493,11080.85,11080.85,60,1100,0
2023-07-31 17:55:00,11080.838,11090.017,11080.836,11089.382,59,1100,0
2023-07-31 17:56:00,11089.369,11089.369,11088.729,11088.729,55,1100,0
2023-07-31 17:57:00,11088.71,11088.71,11088.113,11088.113,57,1100,0
2023-07-31 17:58:00,11088.107,11095.647,11087.576,11095.572,58,1100,0
2023-07-31 17:59:00,11095.569,11095.569,11095.001,11095.001,59,1100,0
2023-07-31 18:00:00,11094.988,11094.988,11094.344,11094.344,60,1100,0
2023-07-31 18:01:00,11094.331,11094.331,11093.741,11093.741,59,1100,0
2023-07-31 18:02:00,11093.723,11093.723,11093.034,11093.034,57,1100,0
2023-07-31 18:03:00,11093.034,11093.034,11092.438,11092.438,59,1100,0
2023-07-31 18:04:00,11092.425,11092.425,11091.748,11091.748,58,1100,0
2023-07-31 18:05:00,11091.741,11091.741,11091.014,11091.014,58,1100,0
2023-07-31 18:06:00,11090.993,11090.993,11090.366,11090.366,59,1100,0
2023-07-31 18:07:00,11090.358,11090.358,11089.662,11089.662,58,1100,0
2023-07-31 18:08:00,11089.65,11089.65,11089.059,11089.059,58,1100,0
2023-07-31 18:09:00,11089.047,11089.047,11088.413,11088.413,59,1100,0
2023-07-31 18:10:00,11088.407,11088.407,11087.723,11087.723,59,1100,0
2023-07-31 18:11:00,11087.719,11087.719,11086.966,11086.966,59,1100,0
2023-07-31 18:12:00,11086.937,11086.937,11086.235,11086.235,59,1100,0
2023-07-31 18:13:00,11086.216,11086.216,11085.481,11085.481,59,1100,0
2023-07-31 18:14:00,11085.475,11085.475,11084.807,11084.807,57,1100,0
2023-07-31 18:15:00,11084.802,11084.802,11084.212,11084.212,60,1100,0
2023-07-31 18:16:00,11084.208,11084.208,11083.476,11083.476,57,1100,0
2023-07-31 18:17:00,11083.47,11083.47,11082.875,11082.875,58,1100,0
2023-07-31 18:18:00,11082.861,11082.861,11082.214,11082.214,60,1100,0
2023-07-31 18:19:00,11082.2,11082.2,11081.492,11081.492,60,1100,0
2023-07-31 18:20:00,11081.479,11081.479,11080.817,11080.817,60,1100,0
2023-07-31 18:21:00,11080.806,11080.806,11080.071,11080.071,59,1100,0
2023-07-31 18:22:00,11080.052,11080.052,11079.348,11079.348,59,1100,0
2023-07-31 18:23:00,11079.34,11079.34,11078.738,11078.738,60,1100,0
2023-07-31 18:24:00,11078.722,11078.722,11078.136,11078.136,58,1100,0
2023-07-31 18:25:00,11078.128,11078.128,11077.483,11077.483,60,1100,0
2023-07-31 18:26:00,11077.461,11077.461,11076.828,11076.828,59,1100,0
2023-07-31 18:27:00,11076.819,11076.819,11076.186,11076.186,60,1100,0
2023-07-31 18:28:00,11076.162,11076.162,11075.536,11075.536,58,1100,0
2023-07-31 18:29:00,11075.528,11075.528,11074.826,11074.826,58,1100,0
2023-07-31 18:30:00,11074.814,11074.814,11074.169,11074.169,56,1100,0
2023-07-31 18:31:00,11074.147,11074.147,11073.54,11073.54,59,1100,0
2023-07-31 18:32:00,11073.532,11073.532,11072.857,11072.857,60,1100,0
2023-07-31 18:33:00,11072.854,11072.854,11072.16,11072.16,59,1100,0
2023-07-31 18:34:00,11072.145,11072.145,11071.512,11071.512,59,1100,0
2023-07-31 18:35:00,11071.508,11071.508,11070.757,11070.757,58,1100,0
2023-07-31 18:36:00,11070.756,11070.756,11070.372,11070.372,33,1100,0
